"Designator","Comment","Footprint","LCSC Part #","MPN"
"C1","1.5nF","Capacitor_SMD:C_0201_0603Metric","C285104","0201B152K500NT"
"C2","10nF","Capacitor_SMD:C_0201_0603Metric","C43380","0201B103K500NT"
"C3","1uF","Capacitor_SMD:C_0201_0603Metric","C5142566","TCC0201X5R105K6R3ZT"
"C4","1uF","Capacitor_SMD:C_0201_0603Metric","C5142566","TCC0201X5R105K6R3ZT"
"C5","1uF","Capacitor_SMD:C_0201_0603Metric","C5142566","TCC0201X5R105K6R3ZT"
"C6","10uF","Capacitor_SMD:C_0402_1005Metric","C15525","CL05A106MQ5NUNC"
"C7","100nF","Capacitor_SMD:C_0201_0603Metric","C307380","CL03A104KO3NNNC"
"C8","10uF","Capacitor_SMD:C_0402_1005Metric","C15525","CL05A106MQ5NUNC"
"C9","10uF","Capacitor_SMD:C_0402_1005Metric","C15525","CL05A106MQ5NUNC"
"C10","1uF","Capacitor_SMD:C_0201_0603Metric","C5142566","TCC0201X5R105K6R3ZT"
"C11","100nF","Capacitor_SMD:C_0201_0603Metric","C307380","CL03A104KO3NNNC"
"C12","100nF","Capacitor_SMD:C_0201_0603Metric","C307380","CL03A104KO3NNNC"
"C13","1uF","Capacitor_SMD:C_0201_0603Metric","C5142566","TCC0201X5R105K6R3ZT"
"C14","4.7uF","Capacitor_SMD:C_0402_1005Metric","",""
"C15","100nF","Capacitor_SMD:C_0201_0603Metric","C307380","CL03A104KO3NNNC"
"C16","1uF","Capacitor_SMD:C_0201_0603Metric","C5142566","TCC0201X5R105K6R3ZT"
"D1","PESD5V0L1UL","Diode_SMD:D_SOD-523","C24109","PESD5V0L1UL"
"D2","LED-0402","LED_SMD:LED_0402_1005Metric","C72043","19-217/GHC-YR1S2/3T"
"J2","202656-0021","Connector_Molex:Molex_Pico-EZmate_Slim_202656-0021_1x02-1MP_P1.20mm_Vertical","CONSIGNED","202656-0021"
"J3","HDR-3-RA","Connector_PinHeader_2.54mm:PinHeader_1x03_P2.54mm_Horizontal","C49257",""
"Q1","WPM3027-3","Package_TO_SOT_SMD:SOT-883","C240195","WPM3027-3/TR"
"Q2","NMOS","Package_TO_SOT_SMD:SOT-883","",""
"Q3","NMOS","Package_TO_SOT_SMD:SOT-883","",""
"Q4","NMOS","Package_TO_SOT_SMD:SOT-883","",""
"R1","220k","Resistor_SMD:R_0402_1005Metric","C881401",""
"R2","220k","Resistor_SMD:R_0402_1005Metric","C881401",""
"R3","220k","Resistor_SMD:R_0402_1005Metric","C881401",""
"R4","1M","Resistor_SMD:R_0201_0603Metric","C473482","0201WMF1004TEE"
"R5","10k","Resistor_SMD:R_0201_0603Metric","C473048","0201WMF1002TEE"
"R6","10k","Resistor_SMD:R_0201_0603Metric","C473048","0201WMF1002TEE"
"R7","10k","Resistor_SMD:R_0201_0603Metric","C473048","0201WMF1002TEE"
"R8","10k","Resistor_SMD:R_0201_0603Metric","C473048","0201WMF1002TEE"
"R11","6.8k","Resistor_SMD:R_0201_0603Metric","C4104700","ERJ-1GNF6801C"
"R12","6.04k","Resistor_SMD:R_0201_0603Metric","C270341","0201WMF6041TEE"
"R13","10k","Resistor_SMD:R_0201_0603Metric","C473048","0201WMF1002TEE"
"R14","100k","Resistor_SMD:R_0201_0603Metric","C270364","0201WMF1003TEE"
"R15","100k","Resistor_SMD:R_0201_0603Metric","C270364","0201WMF1003TEE"
"R16","100k","Resistor_SMD:R_0201_0603Metric","C270364","0201WMF1003TEE"
"R17","1M","Resistor_SMD:R_0201_0603Metric","C473482","0201WMF1004TEE"
"R18","47k","Resistor_SMD:R_0201_0603Metric","",""
"R19","27k","Resistor_SMD:R_0201_0603Metric","",""
"R20","1M","Resistor_SMD:R_0201_0603Metric","C473482","0201WMF1004TEE"
"R21","1M","Resistor_SMD:R_0201_0603Metric","C473482","0201WMF1004TEE"
"R22","1k","Resistor_SMD:R_0201_0603Metric","C270365","0201WMF1001TEE"
"R23","100k","Resistor_SMD:R_0201_0603Metric","C270364","0201WMF1003TEE"
"R24","100k","Resistor_SMD:R_0201_0603Metric","C270364","0201WMF1003TEE"
"R25","10k","Resistor_SMD:R_0201_0603Metric","C473048","0201WMF1002TEE"
"R27","10k","Resistor_SMD:R_0201_0603Metric","C473048","0201WMF1002TEE"
"R28","10k","Resistor_SMD:R_0201_0603Metric","C473048","0201WMF1002TEE"
"R31","220k","Resistor_SMD:R_0402_1005Metric","C881401",""
"R32","220k","Resistor_SMD:R_0402_1005Metric","C881401",""
"R33","220k","Resistor_SMD:R_0402_1005Metric","C881401",""
"SW1","1TS015A","elicio:SW_HRO_1TS015A","C398746","1TS015A-1200-0600-CT"
"U1","ISP1807-LR","elicio:InsightSiP_ISP1807","CONSIGNED","ISP1807-LR-RS"
"U2","ADS1292IRSMT","elicio:Texas_RSM0032","C89288","ADS1292IRSMT"
"U3","BQ25100YFPR","elicio:Texas_YFP0006_V4","C527572","BQ25100YFPR"
"U4","TLV71330PDQNT","Package_SON:Texas_X2SON-4_1x1mm_P0.65mm","C3071062","TLV71330PDQNT"
"U5","TPS7A0230PDQNR","Package_SON:Texas_X2SON-4_1x1mm_P0.65mm","CONSIGNED","TPS7A0230PDQNR"
