Ref,Val,Package,PosX,PosY,Rot,Side
"C1","1.5nF","C_0201_0603Metric",13.300000,-23.650000,90.000000,bottom
"C2","10nF","C_0201_0603Metric",11.950000,-17.550000,180.000000,bottom
"C3","1uF","C_0201_0603Metric",14.400000,-19.950000,90.000000,bottom
"C4","1uF","C_0201_0603Metric",7.250000,-17.450000,180.000000,bottom
"C5","1uF","C_0201_0603Metric",9.850000,-23.750000,180.000000,bottom
"C8","10uF","C_0402_1005Metric",11.650000,-22.550000,0.000000,bottom
"C11","100nF","C_0201_0603Metric",11.650000,-24.600000,0.000000,bottom
"C12","100nF","C_0201_0603Metric",3.100000,-18.300000,180.000000,bottom
"C13","1uF","C_0201_0603Metric",4.600000,-18.300000,180.000000,bottom
"C14","4.7uF","C_0402_1005Metric",11.650000,-23.600000,0.000000,bottom
"C16","1uF","C_0201_0603Metric",4.700000,-17.150000,90.000000,bottom
"D1","PESD5V0L1UL","D_SOD-523",12.600000,-19.700000,180.000000,bottom
"Q1","WPM3027-3","SOT-883",9.850000,-22.800000,180.000000,bottom
"Q2","NMOS","SOT-883",13.350000,-27.600000,180.000000,bottom
"Q3","NMOS","SOT-883",9.850000,-20.900000,0.000000,bottom
"R1","220k","R_0402_1005Metric",5.900000,-17.300000,-90.000000,bottom
"R2","220k","R_0402_1005Metric",9.390000,-17.250000,180.000000,bottom
"R3","220k","R_0402_1005Metric",14.550000,-25.600000,180.000000,bottom
"R4","1M","R_0201_0603Metric",13.300000,-22.150000,90.000000,bottom
"R11","6.8k","R_0201_0603Metric",12.000000,-16.750000,180.000000,bottom
"R14","100k","R_0201_0603Metric",9.850000,-21.850000,180.000000,bottom
"R15","100k","R_0201_0603Metric",9.850000,-19.950000,180.000000,bottom
"R16","100k","R_0201_0603Metric",14.600000,-27.100000,-90.000000,bottom
"R17","1M","R_0201_0603Metric",14.600000,-28.550000,-90.000000,bottom
"R18","47k","R_0201_0603Metric",11.800000,-25.600000,180.000000,bottom
"R19","27k","R_0201_0603Metric",13.300000,-26.520000,0.000000,bottom
"R20","1M","R_0201_0603Metric",11.800000,-26.400000,180.000000,bottom
"R21","1M","R_0201_0603Metric",11.800000,-27.200000,180.000000,bottom
"R24","100k","R_0201_0603Metric",9.300000,-24.650000,180.000000,bottom
"R25","10k","R_0201_0603Metric",11.950000,-18.350000,180.000000,bottom
"U3","BQ25100YFPR","Texas_YFP0006_V4",13.900000,-17.750000,90.000000,bottom
"U4","TLV71330PDQNT","Texas_X2SON-4_1x1mm_P0.65mm",11.650000,-21.250000,180.000000,bottom
"U5","TPS7A0230PDQNR","Texas_X2SON-4_1x1mm_P0.65mm",3.300000,-17.100000,180.000000,bottom
"C6","10uF","C_0402_1005Metric",7.750000,-22.660000,90.000000,top
"C7","100nF","C_0201_0603Metric",8.780000,-22.660000,90.000000,top
"C9","10uF","C_0402_1005Metric",10.200000,-18.500000,90.000000,top
"C10","1uF","C_0201_0603Metric",9.100000,-18.600000,90.000000,top
"C15","100nF","C_0201_0603Metric",13.600000,-25.150000,0.000000,top
"D2","LED-0402","LED_0402_1005Metric",14.650000,-26.100000,0.000000,top
"J2","202656-0021","Molex_Pico-EZmate_Slim_202656-0021_1x02-1MP_P1.20mm_Vertical",5.450000,-18.900000,-90.000000,top
"J3","HDR-3-RA","PinHeader_1x03_P2.54mm_Horizontal",22.400000,-19.400000,0.000000,top
"Q4","NMOS","SOT-883",14.600000,-28.000000,0.000000,top
"R5","10k","R_0201_0603Metric",11.400000,-31.120000,90.000000,top
"R6","10k","R_0201_0603Metric",11.400000,-29.630000,90.000000,top
"R7","10k","R_0201_0603Metric",11.050000,-25.500000,90.000000,top
"R8","10k","R_0201_0603Metric",11.400000,-32.610000,90.000000,top
"R12","6.04k","R_0201_0603Metric",12.600000,-18.150000,180.000000,top
"R13","10k","R_0201_0603Metric",12.600000,-18.950000,0.000000,top
"R22","1k","R_0201_0603Metric",14.600000,-27.020000,180.000000,top
"R23","100k","R_0201_0603Metric",7.950000,-24.100000,180.000000,top
"R27","10k","R_0201_0603Metric",12.450000,-25.500000,-90.000000,top
"R28","10k","R_0201_0603Metric",13.350000,-27.700000,90.000000,top
"R31","220k","R_0402_1005Metric",22.400000,-16.800000,0.000000,top
"R32","220k","R_0402_1005Metric",18.000000,-21.150000,0.000000,top
"R33","220k","R_0402_1005Metric",22.400000,-27.100000,0.000000,top
"SW1","1TS015A","SW_HRO_1TS015A",14.450000,-31.100000,180.000000,top
"U1","ISP1807-LR","InsightSiP_ISP1807",6.450000,-29.050000,-90.000000,top
"U2","ADS1292IRSMT","Texas_RSM0032",11.850000,-22.080000,-90.000000,top
